{
	"info": {
		"_postman_id": "b0b65f5d-deef-42e7-8d79-1eb62baa3c57",
		"name": "Employee Contoller",
		"schema": "https://schema.getpostman.com/json/collection/v2.1.0/collection.json"
	},
	"item": [
		{
			"name": "Get All Employees",
			"event": [
				{
					"listen": "test",
					"script": {
						"exec": [
							"pm.test(\"Status code is 202\", function () {\r",
							"    pm.response.to.have.status(202);\r",
							"});"
						],
						"type": "text/javascript"
					}
				}
			],
			"request": {
				"method": "GET",
				"header": [],
				"url": {
					"raw": "{{BaseUrl}}/api/v1/employees",
					"host": [
						"{{BaseUrl}}"
					],
					"path": [
						"api",
						"v1",
						"employees"
					]
				}
			},
			"response": []
		},
		{
			"name": "Get Employee by id",
			"event": [
				{
					"listen": "test",
					"script": {
						"exec": [
							"pm.test(\"Status code is 202\", function () {\r",
							"    pm.response.to.have.status(202);\r",
							"});"
						],
						"type": "text/javascript"
					}
				}
			],
			"protocolProfileBehavior": {
				"disableBodyPruning": true
			},
			"request": {
				"method": "GET",
				"header": [],
				"body": {
					"mode": "raw",
					"raw": ""
				},
				"url": {
					"raw": "{{BaseUrl}}/api/v1/employees/:id",
					"host": [
						"{{BaseUrl}}"
					],
					"path": [
						"api",
						"v1",
						"employees",
						":id"
					],
					"query": [
						{
							"key": "",
							"value": null,
							"disabled": true
						}
					],
					"variable": [
						{
							"key": "id",
							"value": "123"
						}
					]
				}
			},
			"response": []
		},
		{
			"name": "Add New Employee",
			"event": [
				{
					"listen": "test",
					"script": {
						"exec": [
							"pm.test(\"Status code is 201\", function () {\r",
							"    pm.response.to.have.status(201);\r",
							"});"
						],
						"type": "text/javascript"
					}
				}
			],
			"request": {
				"method": "POST",
				"header": [],
				"body": {
					"mode": "raw",
					"raw": "{\r\n  \"compitency\": \"SDET JAVA\",\r\n  \"id\": 123,\r\n  \"name\": \"Bhanu Jaiswal\",\r\n  \"yearOfJoining\": 2021\r\n}",
					"options": {
						"raw": {
							"language": "json"
						}
					}
				},
				"url": {
					"raw": "{{BaseUrl}}/api/v1/employee",
					"host": [
						"{{BaseUrl}}"
					],
					"path": [
						"api",
						"v1",
						"employee"
					]
				}
			},
			"response": []
		},
		{
			"name": "Add Set of Data",
			"event": [
				{
					"listen": "test",
					"script": {
						"exec": [
							"pm.test(\"Status code is 201\", function () {\r",
							"    pm.response.to.have.status(201);\r",
							"});"
						],
						"type": "text/javascript"
					}
				}
			],
			"request": {
				"method": "POST",
				"header": [],
				"body": {
					"mode": "raw",
					"raw": "[{\r\n  \"compitency\": \"Java\",\r\n  \"id\": 123,\r\n  \"name\": \"dipesh\",\r\n  \"yearOfJoining\": 2015\r\n},\r\n{\r\n  \"compitency\": \"c\",\r\n  \"id\": 321,\r\n  \"name\": \"Gourav\",\r\n  \"yearOfJoining\": 2021\r\n}]",
					"options": {
						"raw": {
							"language": "json"
						}
					}
				},
				"url": {
					"raw": "{{BaseUrl}}/api/v1/employee",
					"host": [
						"{{BaseUrl}}"
					],
					"path": [
						"api",
						"v1",
						"employee"
					]
				}
			},
			"response": []
		},
		{
			"name": "Update data",
			"event": [
				{
					"listen": "test",
					"script": {
						"exec": [
							"pm.test(\"Status code is 202\", function () {\r",
							"    pm.response.to.have.status(202);\r",
							"});"
						],
						"type": "text/javascript"
					}
				}
			],
			"request": {
				"method": "PUT",
				"header": [],
				"body": {
					"mode": "raw",
					"raw": "{\r\n        \"name\": \"Bhanu Jaiswal\",\r\n        \"compitency\": \".Net\",\r\n        \"yearOfJoining\": 2021\r\n    }",
					"options": {
						"raw": {
							"language": "json"
						}
					}
				},
				"url": {
					"raw": "{{BaseUrl}}/api/v1/employees/:id",
					"host": [
						"{{BaseUrl}}"
					],
					"path": [
						"api",
						"v1",
						"employees",
						":id"
					],
					"variable": [
						{
							"key": "id",
							"value": "123"
						}
					]
				}
			},
			"response": []
		},
		{
			"name": "Delete Emp",
			"event": [
				{
					"listen": "test",
					"script": {
						"exec": [
							"pm.test(\"Status code is 410\", function () {\r",
							"    pm.response.to.have.status(410);\r",
							"});"
						],
						"type": "text/javascript"
					}
				}
			],
			"request": {
				"method": "DELETE",
				"header": [],
				"url": {
					"raw": "{{BaseUrl}}/api/v1/employees/:id",
					"host": [
						"{{BaseUrl}}"
					],
					"path": [
						"api",
						"v1",
						"employees",
						":id"
					],
					"variable": [
						{
							"key": "id",
							"value": "123"
						}
					]
				}
			},
			"response": []
		}
	],
	"variable": [
		{
			"key": "BaseUrl",
			"value": "be-java.azurewebsites.net"
		},
		{
			"key": "id",
			"value": "123"
		}
	]
}